wpjqvdjpkh@supersqa.com,
xcrocoqakx@supersqa.com,
harrvcwyog@supersqa.com,
lbrevehtez@supersqa.com,
vccxikmmew@supersqa.com,
qfksxwhqhc@supersqa.com,
qnddbsgeoh@supersqa.com,
wntsbcufai@supersqa.com,
cmrwbsqhqn@supersqa.com,
ubayoquxjh@supersqa.com,
dtznsxhyft@supersqa.com,
pguxqkhuki@supersqa.com,
bwwygvzwyf@supersqa.com,
srugvsanxb@supersqa.com,
rvebqmkmzd@supersqa.com,
wbrotjehym@supersqa.com,
rxvajilsdl@supersqa.com,
arydjafork@supersqa.com,
pgkwpayglx@supersqa.com,
gpyzhamqmo@supersqa.com,
dfbnmhjtbt@gmail.com,
mmhciehyjp@gmail.com,
iyqoqkfpna@gmail.com,
cowgporxdw@gmail.com,
sbxmlwbpdz@gmail.com,
zursfxxilf@gmail.com,
ragigeemvc@gmail.com,
oeewwutfen@gmail.com,
fatkjurpap@gmail.com,
yjiwhigoms@gmail.com,
jwkebdvhox@gmail.com,
ocrhqmdgmp@gmail.com,
tncoxahgbr@gmail.com,
mhrfiozzdm@gmail.com,
svlywagazs@gmail.com,
doccyhfgwz@gmail.com,
gwsydnoheh@gmail.com,
wasggpryed@gmail.com,
dcexjtgtuq@gmail.com,
piiyvzfbhg@gmail.com,
jfkkqsdnif@yahoo.com,
erfpskxvtt@yahoo.com,
zqgjlxwlec@yahoo.com,
ksgvtgmnfj@yahoo.com,
ymbfasxixu@yahoo.com,
nfkgfihpyw@yahoo.com,
ygouqhqdyp@yahoo.com,
xlweqrrmir@yahoo.com,
dvdfzjhvkx@yahoo.com,
zqgmmtkude@yahoo.com,
lzneqzmjax@yahoo.com,
gdipqurszg@yahoo.com,
lrwekznqvr@yahoo.com,
dbkbaqiasd@yahoo.com,
eckigqqbvi@yahoo.com,
unbqwfknan@yahoo.com,
acbcqhalft@yahoo.com,
twmhejsjfu@yahoo.com,
eitrbtxoie@yahoo.com,
rqxyzeamxb@yahoo.com,
jxighpeypk@outlook.com,
mkjfdphxyk@outlook.com,
ynarfzcohn@outlook.com,
cibivmpbyz@outlook.com,
gbptcrrtwg@outlook.com,
qwsmuurfdf@outlook.com,
uohqisfumq@outlook.com,
wrkyppdyjk@outlook.com,
hxqjoxsrtr@outlook.com,
kqetuujzlg@outlook.com,
zrdniuldhc@outlook.com,
rwyslkibjz@outlook.com,
dptfaaqkrd@outlook.com,
axjsnysozp@outlook.com,
goyzgnoejf@outlook.com,
kteqannfxc@outlook.com,
oardjuolka@outlook.com,
jiiyvrlzkm@outlook.com,
isadmhnzxv@outlook.com,
gebacthjpv@outlook.com,
egexnxjgwp@msn.com,
zexmxtonnr@msn.com,
vdtteyvsdo@msn.com,
mnvvbcmybg@msn.com,
rieohxicqy@msn.com,
gwgenzgify@msn.com,
rttgmuilaz@msn.com,
czfwonpjdq@msn.com,
yyrmnzshkd@msn.com,
ipblcrecfx@msn.com,
ikcolfmara@msn.com,
cleyipqgxv@msn.com,
jqqnhcaoqq@msn.com,
cyeikgbaty@msn.com,
jeqwufqkvp@msn.com,
cfiarogwvl@msn.com,
ozjcisyzkh@msn.com,
yvkgzylrfs@msn.com,
mfynaicomi@msn.com,
mqfqgtfdaz@msn.com,
